kOsc1Wave,kOsc1Coarse,kOsc1Fine,kOsc1Split,kOsc2Wave,kOsc2Coarse,kOsc2Fine,kOsc2Split,kOscMix,kFmMode,kFmCoarse,kFmFine,kFilterEnabled,kFilterCutoff,kFilterResonance,kFilterKeyTrack,kVolEnvA,kVolEnvD,kVolEnvS,kVolEnvR,kVolEnvV,kModEnvA,kModEnvD,kModEnvS,kModEnvR,kModEnvV,kLfoAmount,kLfoFrequency,kLfoDelay,kVolEnvFm,kVolEnvCutoff,kModEnvFm,kModEnvCutoff,kLfoFm,kLfoCutoff,kVoiceMode,kGlideSpeed,kMasterVolume
2,-4,0.505463,-0.008567,3,23,0.169434,-0.023689,0.010803,1,11,-0.988068,true,6559.396667,0.748657,0.089386,987.114322,925.796077,0.781738,986.220891,0.832764,985.359880,964.617116,0.967133,958.438564,0.165985,-0.039404,7.212079,999.871898,18.807861,7723.876953,10.247314,1829.589844,20.959717,4792.724609,1,960.679766,0.155396
4,2,-0.081757,-0.014838,5,6,0.167023,-0.007494,0.701263,1,32,0.373230,false,976.221619,0.309494,0.609406,992.107211,977.342625,0.353363,999.925925,0.300308,921.133236,930.780513,0.227234,991.764689,0.952576,-0.056693,0.605507,997.791503,19.431885,7835.693359,-8.527588,1573.486328,7.466309,2242.919922,2,986.588898,0.499168
2,8,0.786438,0.004872,0,-6,0.390106,0.000362,0.666779,2,23,0.582520,true,636.253357,0.040283,-0.708740,991.368339,996.136638,0.428452,958.769990,0.599075,993.636265,966.826117,0.322128,943.778749,0.860519,-0.067505,7.700057,999.112312,19.642822,3102.783203,-10.341064,4270.507813,-21.962402,-6726.562500,1,991.073479,0.186562
1,-10,-0.524689,-0.009696,1,22,-0.686096,-0.005547,0.109863,2,10,0.809814,true,712.965393,0.871078,-0.163757,979.479269,998.928627,0.065125,920.094904,0.040634,999.112831,916.639270,0.548340,960.409381,0.582962,0.006677,2.484599,999.857999,12.933105,7372.314453,2.057373,6503.417969,17.611816,-7718.505859,2,981.714958,0.410614
